strategy,player,tier,hits,n_draws,empirical_prob,theoretical_prob,game
Quick Pick,quick_pick,Match 6 (Jackpot),0,2000000,0.0,7.151123842018516e-08,649
Quick Pick,quick_pick,Match 5 + Bonus,1,2000000,5e-07,4.29067430521111e-07,649
Quick Pick,quick_pick,Match 5,38,2000000,1.9e-05,1.8020832081886662e-05,649
Quick Pick,quick_pick,Match 4,1981,2000000,0.0009905,0.000968619724401408,649
Quick Pick,quick_pick,Match 3,35747,2000000,0.0178735,0.017650403866870102,649
Quick Pick,quick_pick,Match 2 + Bonus,24782,2000000,0.012391,0.012314235255955885,649
Fixed Numbers,fixed_0,Match 6 (Jackpot),0,2000000,0.0,7.151123842018516e-08,649
Fixed Numbers,fixed_0,Match 5 + Bonus,4,2000000,2e-06,4.29067430521111e-07,649
Fixed Numbers,fixed_0,Match 5,33,2000000,1.65e-05,1.8020832081886662e-05,649
Fixed Numbers,fixed_0,Match 4,2053,2000000,0.0010265,0.000968619724401408,649
Fixed Numbers,fixed_0,Match 3,35427,2000000,0.0177135,0.017650403866870102,649
Fixed Numbers,fixed_0,Match 2 + Bonus,24564,2000000,0.012282,0.012314235255955885,649
Fixed Numbers,fixed_1,Match 6 (Jackpot),0,2000000,0.0,7.151123842018516e-08,649
Fixed Numbers,fixed_1,Match 5 + Bonus,0,2000000,0.0,4.29067430521111e-07,649
Fixed Numbers,fixed_1,Match 5,45,2000000,2.25e-05,1.8020832081886662e-05,649
Fixed Numbers,fixed_1,Match 4,1896,2000000,0.000948,0.000968619724401408,649
Fixed Numbers,fixed_1,Match 3,35223,2000000,0.0176115,0.017650403866870102,649
Fixed Numbers,fixed_1,Match 2 + Bonus,24825,2000000,0.0124125,0.012314235255955885,649
Fixed Numbers,fixed_2,Match 6 (Jackpot),0,2000000,0.0,7.151123842018516e-08,649
Fixed Numbers,fixed_2,Match 5 + Bonus,1,2000000,5e-07,4.29067430521111e-07,649
Fixed Numbers,fixed_2,Match 5,37,2000000,1.85e-05,1.8020832081886662e-05,649
Fixed Numbers,fixed_2,Match 4,1952,2000000,0.000976,0.000968619724401408,649
Fixed Numbers,fixed_2,Match 3,35305,2000000,0.0176525,0.017650403866870102,649
Fixed Numbers,fixed_2,Match 2 + Bonus,24822,2000000,0.012411,0.012314235255955885,649
Fixed Numbers,fixed_3,Match 6 (Jackpot),0,2000000,0.0,7.151123842018516e-08,649
Fixed Numbers,fixed_3,Match 5 + Bonus,1,2000000,5e-07,4.29067430521111e-07,649
Fixed Numbers,fixed_3,Match 5,38,2000000,1.9e-05,1.8020832081886662e-05,649
Fixed Numbers,fixed_3,Match 4,1869,2000000,0.0009345,0.000968619724401408,649
Fixed Numbers,fixed_3,Match 3,35021,2000000,0.0175105,0.017650403866870102,649
Fixed Numbers,fixed_3,Match 2 + Bonus,24659,2000000,0.0123295,0.012314235255955885,649
Fixed Numbers,fixed_4,Match 6 (Jackpot),0,2000000,0.0,7.151123842018516e-08,649
Fixed Numbers,fixed_4,Match 5 + Bonus,1,2000000,5e-07,4.29067430521111e-07,649
Fixed Numbers,fixed_4,Match 5,25,2000000,1.25e-05,1.8020832081886662e-05,649
Fixed Numbers,fixed_4,Match 4,1842,2000000,0.000921,0.000968619724401408,649
Fixed Numbers,fixed_4,Match 3,35007,2000000,0.0175035,0.017650403866870102,649
Fixed Numbers,fixed_4,Match 2 + Bonus,24808,2000000,0.012404,0.012314235255955885,649
Fixed Numbers,fixed_5,Match 6 (Jackpot),0,2000000,0.0,7.151123842018516e-08,649
Fixed Numbers,fixed_5,Match 5 + Bonus,1,2000000,5e-07,4.29067430521111e-07,649
Fixed Numbers,fixed_5,Match 5,31,2000000,1.55e-05,1.8020832081886662e-05,649
Fixed Numbers,fixed_5,Match 4,1878,2000000,0.000939,0.000968619724401408,649
Fixed Numbers,fixed_5,Match 3,35603,2000000,0.0178015,0.017650403866870102,649
Fixed Numbers,fixed_5,Match 2 + Bonus,24527,2000000,0.0122635,0.012314235255955885,649
Fixed Numbers,fixed_6,Match 6 (Jackpot),0,2000000,0.0,7.151123842018516e-08,649
Fixed Numbers,fixed_6,Match 5 + Bonus,2,2000000,1e-06,4.29067430521111e-07,649
Fixed Numbers,fixed_6,Match 5,36,2000000,1.8e-05,1.8020832081886662e-05,649
Fixed Numbers,fixed_6,Match 4,1883,2000000,0.0009415,0.000968619724401408,649
Fixed Numbers,fixed_6,Match 3,35635,2000000,0.0178175,0.017650403866870102,649
Fixed Numbers,fixed_6,Match 2 + Bonus,24480,2000000,0.01224,0.012314235255955885,649
Fixed Numbers,fixed_7,Match 6 (Jackpot),0,2000000,0.0,7.151123842018516e-08,649
Fixed Numbers,fixed_7,Match 5 + Bonus,1,2000000,5e-07,4.29067430521111e-07,649
Fixed Numbers,fixed_7,Match 5,24,2000000,1.2e-05,1.8020832081886662e-05,649
Fixed Numbers,fixed_7,Match 4,1941,2000000,0.0009705,0.000968619724401408,649
Fixed Numbers,fixed_7,Match 3,35072,2000000,0.017536,0.017650403866870102,649
Fixed Numbers,fixed_7,Match 2 + Bonus,24880,2000000,0.01244,0.012314235255955885,649
Fixed Numbers,fixed_8,Match 6 (Jackpot),0,2000000,0.0,7.151123842018516e-08,649
Fixed Numbers,fixed_8,Match 5 + Bonus,2,2000000,1e-06,4.29067430521111e-07,649
Fixed Numbers,fixed_8,Match 5,38,2000000,1.9e-05,1.8020832081886662e-05,649
Fixed Numbers,fixed_8,Match 4,1870,2000000,0.000935,0.000968619724401408,649
Fixed Numbers,fixed_8,Match 3,35299,2000000,0.0176495,0.017650403866870102,649
Fixed Numbers,fixed_8,Match 2 + Bonus,24465,2000000,0.0122325,0.012314235255955885,649
Fixed Numbers,fixed_9,Match 6 (Jackpot),0,2000000,0.0,7.151123842018516e-08,649
Fixed Numbers,fixed_9,Match 5 + Bonus,0,2000000,0.0,4.29067430521111e-07,649
Fixed Numbers,fixed_9,Match 5,30,2000000,1.5e-05,1.8020832081886662e-05,649
Fixed Numbers,fixed_9,Match 4,1930,2000000,0.000965,0.000968619724401408,649
Fixed Numbers,fixed_9,Match 3,35280,2000000,0.01764,0.017650403866870102,649
Fixed Numbers,fixed_9,Match 2 + Bonus,24614,2000000,0.012307,0.012314235255955885,649
Fixed Numbers,fixed_10,Match 6 (Jackpot),0,2000000,0.0,7.151123842018516e-08,649
Fixed Numbers,fixed_10,Match 5 + Bonus,1,2000000,5e-07,4.29067430521111e-07,649
Fixed Numbers,fixed_10,Match 5,32,2000000,1.6e-05,1.8020832081886662e-05,649
Fixed Numbers,fixed_10,Match 4,1988,2000000,0.000994,0.000968619724401408,649
Fixed Numbers,fixed_10,Match 3,35098,2000000,0.017549,0.017650403866870102,649
Fixed Numbers,fixed_10,Match 2 + Bonus,24742,2000000,0.012371,0.012314235255955885,649
Fixed Numbers,fixed_11,Match 6 (Jackpot),0,2000000,0.0,7.151123842018516e-08,649
Fixed Numbers,fixed_11,Match 5 + Bonus,0,2000000,0.0,4.29067430521111e-07,649
Fixed Numbers,fixed_11,Match 5,32,2000000,1.6e-05,1.8020832081886662e-05,649
Fixed Numbers,fixed_11,Match 4,1927,2000000,0.0009635,0.000968619724401408,649
Fixed Numbers,fixed_11,Match 3,35375,2000000,0.0176875,0.017650403866870102,649
Fixed Numbers,fixed_11,Match 2 + Bonus,24344,2000000,0.012172,0.012314235255955885,649
Fixed Numbers,fixed_12,Match 6 (Jackpot),0,2000000,0.0,7.151123842018516e-08,649
Fixed Numbers,fixed_12,Match 5 + Bonus,0,2000000,0.0,4.29067430521111e-07,649
Fixed Numbers,fixed_12,Match 5,45,2000000,2.25e-05,1.8020832081886662e-05,649
Fixed Numbers,fixed_12,Match 4,1941,2000000,0.0009705,0.000968619724401408,649
Fixed Numbers,fixed_12,Match 3,35290,2000000,0.017645,0.017650403866870102,649
Fixed Numbers,fixed_12,Match 2 + Bonus,25004,2000000,0.012502,0.012314235255955885,649
Fixed Numbers,fixed_13,Match 6 (Jackpot),1,2000000,5e-07,7.151123842018516e-08,649
Fixed Numbers,fixed_13,Match 5 + Bonus,0,2000000,0.0,4.29067430521111e-07,649
Fixed Numbers,fixed_13,Match 5,28,2000000,1.4e-05,1.8020832081886662e-05,649
Fixed Numbers,fixed_13,Match 4,1965,2000000,0.0009825,0.000968619724401408,649
Fixed Numbers,fixed_13,Match 3,35371,2000000,0.0176855,0.017650403866870102,649
Fixed Numbers,fixed_13,Match 2 + Bonus,24744,2000000,0.012372,0.012314235255955885,649
Fixed Numbers,fixed_14,Match 6 (Jackpot),0,2000000,0.0,7.151123842018516e-08,649
Fixed Numbers,fixed_14,Match 5 + Bonus,1,2000000,5e-07,4.29067430521111e-07,649
Fixed Numbers,fixed_14,Match 5,37,2000000,1.85e-05,1.8020832081886662e-05,649
Fixed Numbers,fixed_14,Match 4,2005,2000000,0.0010025,0.000968619724401408,649
Fixed Numbers,fixed_14,Match 3,35517,2000000,0.0177585,0.017650403866870102,649
Fixed Numbers,fixed_14,Match 2 + Bonus,24711,2000000,0.0123555,0.012314235255955885,649
Fixed Numbers,fixed_15,Match 6 (Jackpot),0,2000000,0.0,7.151123842018516e-08,649
Fixed Numbers,fixed_15,Match 5 + Bonus,1,2000000,5e-07,4.29067430521111e-07,649
Fixed Numbers,fixed_15,Match 5,40,2000000,2e-05,1.8020832081886662e-05,649
Fixed Numbers,fixed_15,Match 4,1915,2000000,0.0009575,0.000968619724401408,649
Fixed Numbers,fixed_15,Match 3,35364,2000000,0.017682,0.017650403866870102,649
Fixed Numbers,fixed_15,Match 2 + Bonus,24728,2000000,0.012364,0.012314235255955885,649
Fixed Numbers,fixed_16,Match 6 (Jackpot),0,2000000,0.0,7.151123842018516e-08,649
Fixed Numbers,fixed_16,Match 5 + Bonus,0,2000000,0.0,4.29067430521111e-07,649
Fixed Numbers,fixed_16,Match 5,39,2000000,1.95e-05,1.8020832081886662e-05,649
Fixed Numbers,fixed_16,Match 4,1960,2000000,0.00098,0.000968619724401408,649
Fixed Numbers,fixed_16,Match 3,35151,2000000,0.0175755,0.017650403866870102,649
Fixed Numbers,fixed_16,Match 2 + Bonus,24772,2000000,0.012386,0.012314235255955885,649
Fixed Numbers,fixed_17,Match 6 (Jackpot),0,2000000,0.0,7.151123842018516e-08,649
Fixed Numbers,fixed_17,Match 5 + Bonus,2,2000000,1e-06,4.29067430521111e-07,649
Fixed Numbers,fixed_17,Match 5,38,2000000,1.9e-05,1.8020832081886662e-05,649
Fixed Numbers,fixed_17,Match 4,2011,2000000,0.0010055,0.000968619724401408,649
Fixed Numbers,fixed_17,Match 3,35201,2000000,0.0176005,0.017650403866870102,649
Fixed Numbers,fixed_17,Match 2 + Bonus,24660,2000000,0.01233,0.012314235255955885,649
Fixed Numbers,fixed_18,Match 6 (Jackpot),0,2000000,0.0,7.151123842018516e-08,649
Fixed Numbers,fixed_18,Match 5 + Bonus,0,2000000,0.0,4.29067430521111e-07,649
Fixed Numbers,fixed_18,Match 5,31,2000000,1.55e-05,1.8020832081886662e-05,649
Fixed Numbers,fixed_18,Match 4,1985,2000000,0.0009925,0.000968619724401408,649
Fixed Numbers,fixed_18,Match 3,35241,2000000,0.0176205,0.017650403866870102,649
Fixed Numbers,fixed_18,Match 2 + Bonus,24976,2000000,0.012488,0.012314235255955885,649
Fixed Numbers,fixed_19,Match 6 (Jackpot),0,2000000,0.0,7.151123842018516e-08,649
Fixed Numbers,fixed_19,Match 5 + Bonus,1,2000000,5e-07,4.29067430521111e-07,649
Fixed Numbers,fixed_19,Match 5,40,2000000,2e-05,1.8020832081886662e-05,649
Fixed Numbers,fixed_19,Match 4,1925,2000000,0.0009625,0.000968619724401408,649
Fixed Numbers,fixed_19,Match 3,35618,2000000,0.017809,0.017650403866870102,649
Fixed Numbers,fixed_19,Match 2 + Bonus,24741,2000000,0.0123705,0.012314235255955885,649
Fixed Numbers,fixed_20,Match 6 (Jackpot),0,2000000,0.0,7.151123842018516e-08,649
Fixed Numbers,fixed_20,Match 5 + Bonus,0,2000000,0.0,4.29067430521111e-07,649
Fixed Numbers,fixed_20,Match 5,31,2000000,1.55e-05,1.8020832081886662e-05,649
Fixed Numbers,fixed_20,Match 4,1963,2000000,0.0009815,0.000968619724401408,649
Fixed Numbers,fixed_20,Match 3,35200,2000000,0.0176,0.017650403866870102,649
Fixed Numbers,fixed_20,Match 2 + Bonus,24489,2000000,0.0122445,0.012314235255955885,649
Fixed Numbers,fixed_21,Match 6 (Jackpot),0,2000000,0.0,7.151123842018516e-08,649
Fixed Numbers,fixed_21,Match 5 + Bonus,0,2000000,0.0,4.29067430521111e-07,649
Fixed Numbers,fixed_21,Match 5,42,2000000,2.1e-05,1.8020832081886662e-05,649
Fixed Numbers,fixed_21,Match 4,1927,2000000,0.0009635,0.000968619724401408,649
Fixed Numbers,fixed_21,Match 3,35230,2000000,0.017615,0.017650403866870102,649
Fixed Numbers,fixed_21,Match 2 + Bonus,24801,2000000,0.0124005,0.012314235255955885,649
Fixed Numbers,fixed_22,Match 6 (Jackpot),0,2000000,0.0,7.151123842018516e-08,649
Fixed Numbers,fixed_22,Match 5 + Bonus,0,2000000,0.0,4.29067430521111e-07,649
Fixed Numbers,fixed_22,Match 5,39,2000000,1.95e-05,1.8020832081886662e-05,649
Fixed Numbers,fixed_22,Match 4,1930,2000000,0.000965,0.000968619724401408,649
Fixed Numbers,fixed_22,Match 3,35501,2000000,0.0177505,0.017650403866870102,649
Fixed Numbers,fixed_22,Match 2 + Bonus,24854,2000000,0.012427,0.012314235255955885,649
Fixed Numbers,fixed_23,Match 6 (Jackpot),0,2000000,0.0,7.151123842018516e-08,649
Fixed Numbers,fixed_23,Match 5 + Bonus,3,2000000,1.5e-06,4.29067430521111e-07,649
Fixed Numbers,fixed_23,Match 5,38,2000000,1.9e-05,1.8020832081886662e-05,649
Fixed Numbers,fixed_23,Match 4,1818,2000000,0.000909,0.000968619724401408,649
Fixed Numbers,fixed_23,Match 3,35602,2000000,0.017801,0.017650403866870102,649
Fixed Numbers,fixed_23,Match 2 + Bonus,24635,2000000,0.0123175,0.012314235255955885,649
Fixed Numbers,fixed_24,Match 6 (Jackpot),0,2000000,0.0,7.151123842018516e-08,649
Fixed Numbers,fixed_24,Match 5 + Bonus,0,2000000,0.0,4.29067430521111e-07,649
Fixed Numbers,fixed_24,Match 5,28,2000000,1.4e-05,1.8020832081886662e-05,649
Fixed Numbers,fixed_24,Match 4,2002,2000000,0.001001,0.000968619724401408,649
Fixed Numbers,fixed_24,Match 3,35257,2000000,0.0176285,0.017650403866870102,649
Fixed Numbers,fixed_24,Match 2 + Bonus,24378,2000000,0.012189,0.012314235255955885,649
Quick Pick,quick_pick,Match 7 (Jackpot),0,2000000,0.0,7.474704106363245e-09,max
Quick Pick,quick_pick,Match 6 + Bonus,0,2000000,0.0,5.2322928744542717e-08,max
Quick Pick,quick_pick,Match 6,6,2000000,3e-06,2.3022088647598797e-06,max
Quick Pick,quick_pick,Match 5 + Bonus,14,2000000,7e-06,6.906626594279639e-06,max
Quick Pick,quick_pick,Match 5,324,2000000,0.000162,0.00014849247177701225,max
Quick Pick,quick_pick,Match 4 + Bonus,495,2000000,0.0002475,0.00024748745296168705,max
Quick Pick,quick_pick,Match 4,6918,2000000,0.003459,0.0034648243414636187,max
Quick Pick,quick_pick,Match 3 + Bonus,6899,2000000,0.0034495,0.0034648243414636187,max
Quick Pick,quick_pick,Match 3,71316,2000000,0.035658,0.03551444950000209,max
Fixed Numbers,fixed_0,Match 7 (Jackpot),0,2000000,0.0,7.474704106363245e-09,max
Fixed Numbers,fixed_0,Match 6 + Bonus,0,2000000,0.0,5.2322928744542717e-08,max
Fixed Numbers,fixed_0,Match 6,5,2000000,2.5e-06,2.3022088647598797e-06,max
Fixed Numbers,fixed_0,Match 5 + Bonus,12,2000000,6e-06,6.906626594279639e-06,max
Fixed Numbers,fixed_0,Match 5,302,2000000,0.000151,0.00014849247177701225,max
Fixed Numbers,fixed_0,Match 4 + Bonus,454,2000000,0.000227,0.00024748745296168705,max
Fixed Numbers,fixed_0,Match 4,6899,2000000,0.0034495,0.0034648243414636187,max
Fixed Numbers,fixed_0,Match 3 + Bonus,6938,2000000,0.003469,0.0034648243414636187,max
Fixed Numbers,fixed_0,Match 3,71328,2000000,0.035664,0.03551444950000209,max
Fixed Numbers,fixed_1,Match 7 (Jackpot),0,2000000,0.0,7.474704106363245e-09,max
Fixed Numbers,fixed_1,Match 6 + Bonus,1,2000000,5e-07,5.2322928744542717e-08,max
Fixed Numbers,fixed_1,Match 6,7,2000000,3.5e-06,2.3022088647598797e-06,max
Fixed Numbers,fixed_1,Match 5 + Bonus,11,2000000,5.5e-06,6.906626594279639e-06,max
Fixed Numbers,fixed_1,Match 5,283,2000000,0.0001415,0.00014849247177701225,max
Fixed Numbers,fixed_1,Match 4 + Bonus,520,2000000,0.00026,0.00024748745296168705,max
Fixed Numbers,fixed_1,Match 4,6838,2000000,0.003419,0.0034648243414636187,max
Fixed Numbers,fixed_1,Match 3 + Bonus,6938,2000000,0.003469,0.0034648243414636187,max
Fixed Numbers,fixed_1,Match 3,70965,2000000,0.0354825,0.03551444950000209,max
Fixed Numbers,fixed_2,Match 7 (Jackpot),0,2000000,0.0,7.474704106363245e-09,max
Fixed Numbers,fixed_2,Match 6 + Bonus,0,2000000,0.0,5.2322928744542717e-08,max
Fixed Numbers,fixed_2,Match 6,2,2000000,1e-06,2.3022088647598797e-06,max
Fixed Numbers,fixed_2,Match 5 + Bonus,8,2000000,4e-06,6.906626594279639e-06,max
Fixed Numbers,fixed_2,Match 5,326,2000000,0.000163,0.00014849247177701225,max
Fixed Numbers,fixed_2,Match 4 + Bonus,502,2000000,0.000251,0.00024748745296168705,max
Fixed Numbers,fixed_2,Match 4,6980,2000000,0.00349,0.0034648243414636187,max
Fixed Numbers,fixed_2,Match 3 + Bonus,6757,2000000,0.0033785,0.0034648243414636187,max
Fixed Numbers,fixed_2,Match 3,71298,2000000,0.035649,0.03551444950000209,max
Fixed Numbers,fixed_3,Match 7 (Jackpot),0,2000000,0.0,7.474704106363245e-09,max
Fixed Numbers,fixed_3,Match 6 + Bonus,1,2000000,5e-07,5.2322928744542717e-08,max
Fixed Numbers,fixed_3,Match 6,6,2000000,3e-06,2.3022088647598797e-06,max
Fixed Numbers,fixed_3,Match 5 + Bonus,14,2000000,7e-06,6.906626594279639e-06,max
Fixed Numbers,fixed_3,Match 5,322,2000000,0.000161,0.00014849247177701225,max
Fixed Numbers,fixed_3,Match 4 + Bonus,492,2000000,0.000246,0.00024748745296168705,max
Fixed Numbers,fixed_3,Match 4,6879,2000000,0.0034395,0.0034648243414636187,max
Fixed Numbers,fixed_3,Match 3 + Bonus,6873,2000000,0.0034365,0.0034648243414636187,max
Fixed Numbers,fixed_3,Match 3,71127,2000000,0.0355635,0.03551444950000209,max
Fixed Numbers,fixed_4,Match 7 (Jackpot),0,2000000,0.0,7.474704106363245e-09,max
Fixed Numbers,fixed_4,Match 6 + Bonus,0,2000000,0.0,5.2322928744542717e-08,max
Fixed Numbers,fixed_4,Match 6,9,2000000,4.5e-06,2.3022088647598797e-06,max
Fixed Numbers,fixed_4,Match 5 + Bonus,13,2000000,6.5e-06,6.906626594279639e-06,max
Fixed Numbers,fixed_4,Match 5,307,2000000,0.0001535,0.00014849247177701225,max
Fixed Numbers,fixed_4,Match 4 + Bonus,492,2000000,0.000246,0.00024748745296168705,max
Fixed Numbers,fixed_4,Match 4,6870,2000000,0.003435,0.0034648243414636187,max
Fixed Numbers,fixed_4,Match 3 + Bonus,6843,2000000,0.0034215,0.0034648243414636187,max
Fixed Numbers,fixed_4,Match 3,71201,2000000,0.0356005,0.03551444950000209,max
Fixed Numbers,fixed_5,Match 7 (Jackpot),0,2000000,0.0,7.474704106363245e-09,max
Fixed Numbers,fixed_5,Match 6 + Bonus,1,2000000,5e-07,5.2322928744542717e-08,max
Fixed Numbers,fixed_5,Match 6,4,2000000,2e-06,2.3022088647598797e-06,max
Fixed Numbers,fixed_5,Match 5 + Bonus,9,2000000,4.5e-06,6.906626594279639e-06,max
Fixed Numbers,fixed_5,Match 5,309,2000000,0.0001545,0.00014849247177701225,max
Fixed Numbers,fixed_5,Match 4 + Bonus,481,2000000,0.0002405,0.00024748745296168705,max
Fixed Numbers,fixed_5,Match 4,6884,2000000,0.003442,0.0034648243414636187,max
Fixed Numbers,fixed_5,Match 3 + Bonus,6822,2000000,0.003411,0.0034648243414636187,max
Fixed Numbers,fixed_5,Match 3,71405,2000000,0.0357025,0.03551444950000209,max
Fixed Numbers,fixed_6,Match 7 (Jackpot),0,2000000,0.0,7.474704106363245e-09,max
Fixed Numbers,fixed_6,Match 6 + Bonus,0,2000000,0.0,5.2322928744542717e-08,max
Fixed Numbers,fixed_6,Match 6,5,2000000,2.5e-06,2.3022088647598797e-06,max
Fixed Numbers,fixed_6,Match 5 + Bonus,8,2000000,4e-06,6.906626594279639e-06,max
Fixed Numbers,fixed_6,Match 5,277,2000000,0.0001385,0.00014849247177701225,max
Fixed Numbers,fixed_6,Match 4 + Bonus,472,2000000,0.000236,0.00024748745296168705,max
Fixed Numbers,fixed_6,Match 4,6968,2000000,0.003484,0.0034648243414636187,max
Fixed Numbers,fixed_6,Match 3 + Bonus,7072,2000000,0.003536,0.0034648243414636187,max
Fixed Numbers,fixed_6,Match 3,71303,2000000,0.0356515,0.03551444950000209,max
Fixed Numbers,fixed_7,Match 7 (Jackpot),0,2000000,0.0,7.474704106363245e-09,max
Fixed Numbers,fixed_7,Match 6 + Bonus,0,2000000,0.0,5.2322928744542717e-08,max
Fixed Numbers,fixed_7,Match 6,1,2000000,5e-07,2.3022088647598797e-06,max
Fixed Numbers,fixed_7,Match 5 + Bonus,12,2000000,6e-06,6.906626594279639e-06,max
Fixed Numbers,fixed_7,Match 5,293,2000000,0.0001465,0.00014849247177701225,max
Fixed Numbers,fixed_7,Match 4 + Bonus,493,2000000,0.0002465,0.00024748745296168705,max
Fixed Numbers,fixed_7,Match 4,7062,2000000,0.003531,0.0034648243414636187,max
Fixed Numbers,fixed_7,Match 3 + Bonus,6948,2000000,0.003474,0.0034648243414636187,max
Fixed Numbers,fixed_7,Match 3,70670,2000000,0.035335,0.03551444950000209,max
Fixed Numbers,fixed_8,Match 7 (Jackpot),0,2000000,0.0,7.474704106363245e-09,max
Fixed Numbers,fixed_8,Match 6 + Bonus,0,2000000,0.0,5.2322928744542717e-08,max
Fixed Numbers,fixed_8,Match 6,7,2000000,3.5e-06,2.3022088647598797e-06,max
Fixed Numbers,fixed_8,Match 5 + Bonus,14,2000000,7e-06,6.906626594279639e-06,max
Fixed Numbers,fixed_8,Match 5,297,2000000,0.0001485,0.00014849247177701225,max
Fixed Numbers,fixed_8,Match 4 + Bonus,497,2000000,0.0002485,0.00024748745296168705,max
Fixed Numbers,fixed_8,Match 4,6860,2000000,0.00343,0.0034648243414636187,max
Fixed Numbers,fixed_8,Match 3 + Bonus,6816,2000000,0.003408,0.0034648243414636187,max
Fixed Numbers,fixed_8,Match 3,71469,2000000,0.0357345,0.03551444950000209,max
Fixed Numbers,fixed_9,Match 7 (Jackpot),0,2000000,0.0,7.474704106363245e-09,max
Fixed Numbers,fixed_9,Match 6 + Bonus,0,2000000,0.0,5.2322928744542717e-08,max
Fixed Numbers,fixed_9,Match 6,4,2000000,2e-06,2.3022088647598797e-06,max
Fixed Numbers,fixed_9,Match 5 + Bonus,13,2000000,6.5e-06,6.906626594279639e-06,max
Fixed Numbers,fixed_9,Match 5,325,2000000,0.0001625,0.00014849247177701225,max
Fixed Numbers,fixed_9,Match 4 + Bonus,475,2000000,0.0002375,0.00024748745296168705,max
Fixed Numbers,fixed_9,Match 4,6974,2000000,0.003487,0.0034648243414636187,max
Fixed Numbers,fixed_9,Match 3 + Bonus,6878,2000000,0.003439,0.0034648243414636187,max
Fixed Numbers,fixed_9,Match 3,70862,2000000,0.035431,0.03551444950000209,max
Fixed Numbers,fixed_10,Match 7 (Jackpot),0,2000000,0.0,7.474704106363245e-09,max
Fixed Numbers,fixed_10,Match 6 + Bonus,1,2000000,5e-07,5.2322928744542717e-08,max
Fixed Numbers,fixed_10,Match 6,6,2000000,3e-06,2.3022088647598797e-06,max
Fixed Numbers,fixed_10,Match 5 + Bonus,8,2000000,4e-06,6.906626594279639e-06,max
Fixed Numbers,fixed_10,Match 5,305,2000000,0.0001525,0.00014849247177701225,max
Fixed Numbers,fixed_10,Match 4 + Bonus,524,2000000,0.000262,0.00024748745296168705,max
Fixed Numbers,fixed_10,Match 4,6961,2000000,0.0034805,0.0034648243414636187,max
Fixed Numbers,fixed_10,Match 3 + Bonus,6974,2000000,0.003487,0.0034648243414636187,max
Fixed Numbers,fixed_10,Match 3,71053,2000000,0.0355265,0.03551444950000209,max
Fixed Numbers,fixed_11,Match 7 (Jackpot),0,2000000,0.0,7.474704106363245e-09,max
Fixed Numbers,fixed_11,Match 6 + Bonus,0,2000000,0.0,5.2322928744542717e-08,max
Fixed Numbers,fixed_11,Match 6,5,2000000,2.5e-06,2.3022088647598797e-06,max
Fixed Numbers,fixed_11,Match 5 + Bonus,9,2000000,4.5e-06,6.906626594279639e-06,max
Fixed Numbers,fixed_11,Match 5,296,2000000,0.000148,0.00014849247177701225,max
Fixed Numbers,fixed_11,Match 4 + Bonus,520,2000000,0.00026,0.00024748745296168705,max
Fixed Numbers,fixed_11,Match 4,6862,2000000,0.003431,0.0034648243414636187,max
Fixed Numbers,fixed_11,Match 3 + Bonus,6883,2000000,0.0034415,0.0034648243414636187,max
Fixed Numbers,fixed_11,Match 3,71043,2000000,0.0355215,0.03551444950000209,max
Fixed Numbers,fixed_12,Match 7 (Jackpot),0,2000000,0.0,7.474704106363245e-09,max
Fixed Numbers,fixed_12,Match 6 + Bonus,0,2000000,0.0,5.2322928744542717e-08,max
Fixed Numbers,fixed_12,Match 6,3,2000000,1.5e-06,2.3022088647598797e-06,max
Fixed Numbers,fixed_12,Match 5 + Bonus,10,2000000,5e-06,6.906626594279639e-06,max
Fixed Numbers,fixed_12,Match 5,317,2000000,0.0001585,0.00014849247177701225,max
Fixed Numbers,fixed_12,Match 4 + Bonus,505,2000000,0.0002525,0.00024748745296168705,max
Fixed Numbers,fixed_12,Match 4,6934,2000000,0.003467,0.0034648243414636187,max
Fixed Numbers,fixed_12,Match 3 + Bonus,6994,2000000,0.003497,0.0034648243414636187,max
Fixed Numbers,fixed_12,Match 3,70875,2000000,0.0354375,0.03551444950000209,max
Fixed Numbers,fixed_13,Match 7 (Jackpot),0,2000000,0.0,7.474704106363245e-09,max
Fixed Numbers,fixed_13,Match 6 + Bonus,0,2000000,0.0,5.2322928744542717e-08,max
Fixed Numbers,fixed_13,Match 6,6,2000000,3e-06,2.3022088647598797e-06,max
Fixed Numbers,fixed_13,Match 5 + Bonus,17,2000000,8.5e-06,6.906626594279639e-06,max
Fixed Numbers,fixed_13,Match 5,310,2000000,0.000155,0.00014849247177701225,max
Fixed Numbers,fixed_13,Match 4 + Bonus,481,2000000,0.0002405,0.00024748745296168705,max
Fixed Numbers,fixed_13,Match 4,6824,2000000,0.003412,0.0034648243414636187,max
Fixed Numbers,fixed_13,Match 3 + Bonus,6932,2000000,0.003466,0.0034648243414636187,max
Fixed Numbers,fixed_13,Match 3,71126,2000000,0.035563,0.03551444950000209,max
Fixed Numbers,fixed_14,Match 7 (Jackpot),0,2000000,0.0,7.474704106363245e-09,max
Fixed Numbers,fixed_14,Match 6 + Bonus,1,2000000,5e-07,5.2322928744542717e-08,max
Fixed Numbers,fixed_14,Match 6,6,2000000,3e-06,2.3022088647598797e-06,max
Fixed Numbers,fixed_14,Match 5 + Bonus,15,2000000,7.5e-06,6.906626594279639e-06,max
Fixed Numbers,fixed_14,Match 5,307,2000000,0.0001535,0.00014849247177701225,max
Fixed Numbers,fixed_14,Match 4 + Bonus,530,2000000,0.000265,0.00024748745296168705,max
Fixed Numbers,fixed_14,Match 4,6720,2000000,0.00336,0.0034648243414636187,max
Fixed Numbers,fixed_14,Match 3 + Bonus,6859,2000000,0.0034295,0.0034648243414636187,max
Fixed Numbers,fixed_14,Match 3,70753,2000000,0.0353765,0.03551444950000209,max
Fixed Numbers,fixed_15,Match 7 (Jackpot),0,2000000,0.0,7.474704106363245e-09,max
Fixed Numbers,fixed_15,Match 6 + Bonus,0,2000000,0.0,5.2322928744542717e-08,max
Fixed Numbers,fixed_15,Match 6,8,2000000,4e-06,2.3022088647598797e-06,max
Fixed Numbers,fixed_15,Match 5 + Bonus,14,2000000,7e-06,6.906626594279639e-06,max
Fixed Numbers,fixed_15,Match 5,314,2000000,0.000157,0.00014849247177701225,max
Fixed Numbers,fixed_15,Match 4 + Bonus,481,2000000,0.0002405,0.00024748745296168705,max
Fixed Numbers,fixed_15,Match 4,6963,2000000,0.0034815,0.0034648243414636187,max
Fixed Numbers,fixed_15,Match 3 + Bonus,6980,2000000,0.00349,0.0034648243414636187,max
Fixed Numbers,fixed_15,Match 3,71177,2000000,0.0355885,0.03551444950000209,max
Fixed Numbers,fixed_16,Match 7 (Jackpot),0,2000000,0.0,7.474704106363245e-09,max
Fixed Numbers,fixed_16,Match 6 + Bonus,0,2000000,0.0,5.2322928744542717e-08,max
Fixed Numbers,fixed_16,Match 6,1,2000000,5e-07,2.3022088647598797e-06,max
Fixed Numbers,fixed_16,Match 5 + Bonus,11,2000000,5.5e-06,6.906626594279639e-06,max
Fixed Numbers,fixed_16,Match 5,284,2000000,0.000142,0.00014849247177701225,max
Fixed Numbers,fixed_16,Match 4 + Bonus,518,2000000,0.000259,0.00024748745296168705,max
Fixed Numbers,fixed_16,Match 4,6947,2000000,0.0034735,0.0034648243414636187,max
Fixed Numbers,fixed_16,Match 3 + Bonus,6929,2000000,0.0034645,0.0034648243414636187,max
Fixed Numbers,fixed_16,Match 3,70835,2000000,0.0354175,0.03551444950000209,max
Fixed Numbers,fixed_17,Match 7 (Jackpot),0,2000000,0.0,7.474704106363245e-09,max
Fixed Numbers,fixed_17,Match 6 + Bonus,0,2000000,0.0,5.2322928744542717e-08,max
Fixed Numbers,fixed_17,Match 6,5,2000000,2.5e-06,2.3022088647598797e-06,max
Fixed Numbers,fixed_17,Match 5 + Bonus,14,2000000,7e-06,6.906626594279639e-06,max
Fixed Numbers,fixed_17,Match 5,299,2000000,0.0001495,0.00014849247177701225,max
Fixed Numbers,fixed_17,Match 4 + Bonus,447,2000000,0.0002235,0.00024748745296168705,max
Fixed Numbers,fixed_17,Match 4,6945,2000000,0.0034725,0.0034648243414636187,max
Fixed Numbers,fixed_17,Match 3 + Bonus,6933,2000000,0.0034665,0.0034648243414636187,max
Fixed Numbers,fixed_17,Match 3,70850,2000000,0.035425,0.03551444950000209,max
Fixed Numbers,fixed_18,Match 7 (Jackpot),0,2000000,0.0,7.474704106363245e-09,max
Fixed Numbers,fixed_18,Match 6 + Bonus,0,2000000,0.0,5.2322928744542717e-08,max
Fixed Numbers,fixed_18,Match 6,6,2000000,3e-06,2.3022088647598797e-06,max
Fixed Numbers,fixed_18,Match 5 + Bonus,17,2000000,8.5e-06,6.906626594279639e-06,max
Fixed Numbers,fixed_18,Match 5,312,2000000,0.000156,0.00014849247177701225,max
Fixed Numbers,fixed_18,Match 4 + Bonus,494,2000000,0.000247,0.00024748745296168705,max
Fixed Numbers,fixed_18,Match 4,6976,2000000,0.003488,0.0034648243414636187,max
Fixed Numbers,fixed_18,Match 3 + Bonus,6891,2000000,0.0034455,0.0034648243414636187,max
Fixed Numbers,fixed_18,Match 3,71210,2000000,0.035605,0.03551444950000209,max
Fixed Numbers,fixed_19,Match 7 (Jackpot),0,2000000,0.0,7.474704106363245e-09,max
Fixed Numbers,fixed_19,Match 6 + Bonus,0,2000000,0.0,5.2322928744542717e-08,max
Fixed Numbers,fixed_19,Match 6,0,2000000,0.0,2.3022088647598797e-06,max
Fixed Numbers,fixed_19,Match 5 + Bonus,13,2000000,6.5e-06,6.906626594279639e-06,max
Fixed Numbers,fixed_19,Match 5,292,2000000,0.000146,0.00014849247177701225,max
Fixed Numbers,fixed_19,Match 4 + Bonus,523,2000000,0.0002615,0.00024748745296168705,max
Fixed Numbers,fixed_19,Match 4,7051,2000000,0.0035255,0.0034648243414636187,max
Fixed Numbers,fixed_19,Match 3 + Bonus,6921,2000000,0.0034605,0.0034648243414636187,max
Fixed Numbers,fixed_19,Match 3,70920,2000000,0.03546,0.03551444950000209,max
Fixed Numbers,fixed_20,Match 7 (Jackpot),0,2000000,0.0,7.474704106363245e-09,max
Fixed Numbers,fixed_20,Match 6 + Bonus,0,2000000,0.0,5.2322928744542717e-08,max
Fixed Numbers,fixed_20,Match 6,5,2000000,2.5e-06,2.3022088647598797e-06,max
Fixed Numbers,fixed_20,Match 5 + Bonus,13,2000000,6.5e-06,6.906626594279639e-06,max
Fixed Numbers,fixed_20,Match 5,294,2000000,0.000147,0.00014849247177701225,max
Fixed Numbers,fixed_20,Match 4 + Bonus,517,2000000,0.0002585,0.00024748745296168705,max
Fixed Numbers,fixed_20,Match 4,6856,2000000,0.003428,0.0034648243414636187,max
Fixed Numbers,fixed_20,Match 3 + Bonus,7047,2000000,0.0035235,0.0034648243414636187,max
Fixed Numbers,fixed_20,Match 3,70816,2000000,0.035408,0.03551444950000209,max
Fixed Numbers,fixed_21,Match 7 (Jackpot),0,2000000,0.0,7.474704106363245e-09,max
Fixed Numbers,fixed_21,Match 6 + Bonus,0,2000000,0.0,5.2322928744542717e-08,max
Fixed Numbers,fixed_21,Match 6,5,2000000,2.5e-06,2.3022088647598797e-06,max
Fixed Numbers,fixed_21,Match 5 + Bonus,15,2000000,7.5e-06,6.906626594279639e-06,max
Fixed Numbers,fixed_21,Match 5,305,2000000,0.0001525,0.00014849247177701225,max
Fixed Numbers,fixed_21,Match 4 + Bonus,505,2000000,0.0002525,0.00024748745296168705,max
Fixed Numbers,fixed_21,Match 4,6935,2000000,0.0034675,0.0034648243414636187,max
Fixed Numbers,fixed_21,Match 3 + Bonus,6863,2000000,0.0034315,0.0034648243414636187,max
Fixed Numbers,fixed_21,Match 3,70870,2000000,0.035435,0.03551444950000209,max
Fixed Numbers,fixed_22,Match 7 (Jackpot),0,2000000,0.0,7.474704106363245e-09,max
Fixed Numbers,fixed_22,Match 6 + Bonus,0,2000000,0.0,5.2322928744542717e-08,max
Fixed Numbers,fixed_22,Match 6,8,2000000,4e-06,2.3022088647598797e-06,max
Fixed Numbers,fixed_22,Match 5 + Bonus,18,2000000,9e-06,6.906626594279639e-06,max
Fixed Numbers,fixed_22,Match 5,280,2000000,0.00014,0.00014849247177701225,max
Fixed Numbers,fixed_22,Match 4 + Bonus,495,2000000,0.0002475,0.00024748745296168705,max
Fixed Numbers,fixed_22,Match 4,7081,2000000,0.0035405,0.0034648243414636187,max
Fixed Numbers,fixed_22,Match 3 + Bonus,6972,2000000,0.003486,0.0034648243414636187,max
Fixed Numbers,fixed_22,Match 3,71148,2000000,0.035574,0.03551444950000209,max
Fixed Numbers,fixed_23,Match 7 (Jackpot),0,2000000,0.0,7.474704106363245e-09,max
Fixed Numbers,fixed_23,Match 6 + Bonus,1,2000000,5e-07,5.2322928744542717e-08,max
Fixed Numbers,fixed_23,Match 6,3,2000000,1.5e-06,2.3022088647598797e-06,max
Fixed Numbers,fixed_23,Match 5 + Bonus,19,2000000,9.5e-06,6.906626594279639e-06,max
Fixed Numbers,fixed_23,Match 5,300,2000000,0.00015,0.00014849247177701225,max
Fixed Numbers,fixed_23,Match 4 + Bonus,486,2000000,0.000243,0.00024748745296168705,max
Fixed Numbers,fixed_23,Match 4,7010,2000000,0.003505,0.0034648243414636187,max
Fixed Numbers,fixed_23,Match 3 + Bonus,6910,2000000,0.003455,0.0034648243414636187,max
Fixed Numbers,fixed_23,Match 3,71015,2000000,0.0355075,0.03551444950000209,max
Fixed Numbers,fixed_24,Match 7 (Jackpot),0,2000000,0.0,7.474704106363245e-09,max
Fixed Numbers,fixed_24,Match 6 + Bonus,0,2000000,0.0,5.2322928744542717e-08,max
Fixed Numbers,fixed_24,Match 6,8,2000000,4e-06,2.3022088647598797e-06,max
Fixed Numbers,fixed_24,Match 5 + Bonus,15,2000000,7.5e-06,6.906626594279639e-06,max
Fixed Numbers,fixed_24,Match 5,294,2000000,0.000147,0.00014849247177701225,max
Fixed Numbers,fixed_24,Match 4 + Bonus,502,2000000,0.000251,0.00024748745296168705,max
Fixed Numbers,fixed_24,Match 4,7064,2000000,0.003532,0.0034648243414636187,max
Fixed Numbers,fixed_24,Match 3 + Bonus,6829,2000000,0.0034145,0.0034648243414636187,max
Fixed Numbers,fixed_24,Match 3,70854,2000000,0.035427,0.03551444950000209,max
Quick Pick,quick_pick,"Match 5 + Grand (Jackpot: $1,000/day for life)",0,2000000,0.0,7.491653548781303e-08,grand
Quick Pick,quick_pick,"Match 5 ($25,000/year for life)",0,2000000,0.0,4.494992129268782e-07,grand
Quick Pick,quick_pick,Match 4 + Grand,38,2000000,1.9e-05,1.6481637807318865e-05,grand
Quick Pick,quick_pick,Match 4,170,2000000,8.5e-05,9.88898268439132e-05,grand
Quick Pick,quick_pick,Match 3 + Grand,1452,2000000,0.000726,0.0007087104257147113,grand
Quick Pick,quick_pick,Match 3,8561,2000000,0.0042805,0.004252262554288268,grand
Quick Pick,quick_pick,Match 2 + Grand,19772,2000000,0.009886,0.009921945960005956,grand
Quick Pick,quick_pick,Match 1 + Grand,101557,2000000,0.0507785,0.05084997304503053,grand
Quick Pick,quick_pick,Grand Number only,161910,2000000,0.080955,0.08135995687204885,grand
Fixed Numbers,fixed_0,"Match 5 + Grand (Jackpot: $1,000/day for life)",0,2000000,0.0,7.491653548781303e-08,grand
Fixed Numbers,fixed_0,"Match 5 ($25,000/year for life)",1,2000000,5e-07,4.494992129268782e-07,grand
Fixed Numbers,fixed_0,Match 4 + Grand,29,2000000,1.45e-05,1.6481637807318865e-05,grand
Fixed Numbers,fixed_0,Match 4,215,2000000,0.0001075,9.88898268439132e-05,grand
Fixed Numbers,fixed_0,Match 3 + Grand,1465,2000000,0.0007325,0.0007087104257147113,grand
Fixed Numbers,fixed_0,Match 3,8515,2000000,0.0042575,0.004252262554288268,grand
Fixed Numbers,fixed_0,Match 2 + Grand,19683,2000000,0.0098415,0.009921945960005956,grand
Fixed Numbers,fixed_0,Match 1 + Grand,102404,2000000,0.051202,0.05084997304503053,grand
Fixed Numbers,fixed_0,Grand Number only,162641,2000000,0.0813205,0.08135995687204885,grand
Fixed Numbers,fixed_1,"Match 5 + Grand (Jackpot: $1,000/day for life)",0,2000000,0.0,7.491653548781303e-08,grand
Fixed Numbers,fixed_1,"Match 5 ($25,000/year for life)",1,2000000,5e-07,4.494992129268782e-07,grand
Fixed Numbers,fixed_1,Match 4 + Grand,36,2000000,1.8e-05,1.6481637807318865e-05,grand
Fixed Numbers,fixed_1,Match 4,195,2000000,9.75e-05,9.88898268439132e-05,grand
Fixed Numbers,fixed_1,Match 3 + Grand,1433,2000000,0.0007165,0.0007087104257147113,grand
Fixed Numbers,fixed_1,Match 3,8450,2000000,0.004225,0.004252262554288268,grand
Fixed Numbers,fixed_1,Match 2 + Grand,19954,2000000,0.009977,0.009921945960005956,grand
Fixed Numbers,fixed_1,Match 1 + Grand,101775,2000000,0.0508875,0.05084997304503053,grand
Fixed Numbers,fixed_1,Grand Number only,162908,2000000,0.081454,0.08135995687204885,grand
Fixed Numbers,fixed_2,"Match 5 + Grand (Jackpot: $1,000/day for life)",0,2000000,0.0,7.491653548781303e-08,grand
Fixed Numbers,fixed_2,"Match 5 ($25,000/year for life)",0,2000000,0.0,4.494992129268782e-07,grand
Fixed Numbers,fixed_2,Match 4 + Grand,39,2000000,1.95e-05,1.6481637807318865e-05,grand
Fixed Numbers,fixed_2,Match 4,208,2000000,0.000104,9.88898268439132e-05,grand
Fixed Numbers,fixed_2,Match 3 + Grand,1454,2000000,0.000727,0.0007087104257147113,grand
Fixed Numbers,fixed_2,Match 3,8636,2000000,0.004318,0.004252262554288268,grand
Fixed Numbers,fixed_2,Match 2 + Grand,19950,2000000,0.009975,0.009921945960005956,grand
Fixed Numbers,fixed_2,Match 1 + Grand,100847,2000000,0.0504235,0.05084997304503053,grand
Fixed Numbers,fixed_2,Grand Number only,162684,2000000,0.081342,0.08135995687204885,grand
Fixed Numbers,fixed_3,"Match 5 + Grand (Jackpot: $1,000/day for life)",0,2000000,0.0,7.491653548781303e-08,grand
Fixed Numbers,fixed_3,"Match 5 ($25,000/year for life)",1,2000000,5e-07,4.494992129268782e-07,grand
Fixed Numbers,fixed_3,Match 4 + Grand,32,2000000,1.6e-05,1.6481637807318865e-05,grand
Fixed Numbers,fixed_3,Match 4,193,2000000,9.65e-05,9.88898268439132e-05,grand
Fixed Numbers,fixed_3,Match 3 + Grand,1401,2000000,0.0007005,0.0007087104257147113,grand
Fixed Numbers,fixed_3,Match 3,8512,2000000,0.004256,0.004252262554288268,grand
Fixed Numbers,fixed_3,Match 2 + Grand,19881,2000000,0.0099405,0.009921945960005956,grand
Fixed Numbers,fixed_3,Match 1 + Grand,101706,2000000,0.050853,0.05084997304503053,grand
Fixed Numbers,fixed_3,Grand Number only,162907,2000000,0.0814535,0.08135995687204885,grand
Fixed Numbers,fixed_4,"Match 5 + Grand (Jackpot: $1,000/day for life)",1,2000000,5e-07,7.491653548781303e-08,grand
Fixed Numbers,fixed_4,"Match 5 ($25,000/year for life)",0,2000000,0.0,4.494992129268782e-07,grand
Fixed Numbers,fixed_4,Match 4 + Grand,40,2000000,2e-05,1.6481637807318865e-05,grand
Fixed Numbers,fixed_4,Match 4,201,2000000,0.0001005,9.88898268439132e-05,grand
Fixed Numbers,fixed_4,Match 3 + Grand,1438,2000000,0.000719,0.0007087104257147113,grand
Fixed Numbers,fixed_4,Match 3,8536,2000000,0.004268,0.004252262554288268,grand
Fixed Numbers,fixed_4,Match 2 + Grand,19858,2000000,0.009929,0.009921945960005956,grand
Fixed Numbers,fixed_4,Match 1 + Grand,101965,2000000,0.0509825,0.05084997304503053,grand
Fixed Numbers,fixed_4,Grand Number only,162804,2000000,0.081402,0.08135995687204885,grand
Fixed Numbers,fixed_5,"Match 5 + Grand (Jackpot: $1,000/day for life)",0,2000000,0.0,7.491653548781303e-08,grand
Fixed Numbers,fixed_5,"Match 5 ($25,000/year for life)",1,2000000,5e-07,4.494992129268782e-07,grand
Fixed Numbers,fixed_5,Match 4 + Grand,34,2000000,1.7e-05,1.6481637807318865e-05,grand
Fixed Numbers,fixed_5,Match 4,194,2000000,9.7e-05,9.88898268439132e-05,grand
Fixed Numbers,fixed_5,Match 3 + Grand,1462,2000000,0.000731,0.0007087104257147113,grand
Fixed Numbers,fixed_5,Match 3,8542,2000000,0.004271,0.004252262554288268,grand
Fixed Numbers,fixed_5,Match 2 + Grand,19478,2000000,0.009739,0.009921945960005956,grand
Fixed Numbers,fixed_5,Match 1 + Grand,102055,2000000,0.0510275,0.05084997304503053,grand
Fixed Numbers,fixed_5,Grand Number only,163077,2000000,0.0815385,0.08135995687204885,grand
Fixed Numbers,fixed_6,"Match 5 + Grand (Jackpot: $1,000/day for life)",0,2000000,0.0,7.491653548781303e-08,grand
Fixed Numbers,fixed_6,"Match 5 ($25,000/year for life)",0,2000000,0.0,4.494992129268782e-07,grand
Fixed Numbers,fixed_6,Match 4 + Grand,37,2000000,1.85e-05,1.6481637807318865e-05,grand
Fixed Numbers,fixed_6,Match 4,188,2000000,9.4e-05,9.88898268439132e-05,grand
Fixed Numbers,fixed_6,Match 3 + Grand,1386,2000000,0.000693,0.0007087104257147113,grand
Fixed Numbers,fixed_6,Match 3,8441,2000000,0.0042205,0.004252262554288268,grand
Fixed Numbers,fixed_6,Match 2 + Grand,19871,2000000,0.0099355,0.009921945960005956,grand
Fixed Numbers,fixed_6,Match 1 + Grand,101921,2000000,0.0509605,0.05084997304503053,grand
Fixed Numbers,fixed_6,Grand Number only,162017,2000000,0.0810085,0.08135995687204885,grand
Fixed Numbers,fixed_7,"Match 5 + Grand (Jackpot: $1,000/day for life)",1,2000000,5e-07,7.491653548781303e-08,grand
Fixed Numbers,fixed_7,"Match 5 ($25,000/year for life)",0,2000000,0.0,4.494992129268782e-07,grand
Fixed Numbers,fixed_7,Match 4 + Grand,32,2000000,1.6e-05,1.6481637807318865e-05,grand
Fixed Numbers,fixed_7,Match 4,198,2000000,9.9e-05,9.88898268439132e-05,grand
Fixed Numbers,fixed_7,Match 3 + Grand,1368,2000000,0.000684,0.0007087104257147113,grand
Fixed Numbers,fixed_7,Match 3,8603,2000000,0.0043015,0.004252262554288268,grand
Fixed Numbers,fixed_7,Match 2 + Grand,19879,2000000,0.0099395,0.009921945960005956,grand
Fixed Numbers,fixed_7,Match 1 + Grand,101431,2000000,0.0507155,0.05084997304503053,grand
Fixed Numbers,fixed_7,Grand Number only,163395,2000000,0.0816975,0.08135995687204885,grand
Fixed Numbers,fixed_8,"Match 5 + Grand (Jackpot: $1,000/day for life)",0,2000000,0.0,7.491653548781303e-08,grand
Fixed Numbers,fixed_8,"Match 5 ($25,000/year for life)",0,2000000,0.0,4.494992129268782e-07,grand
Fixed Numbers,fixed_8,Match 4 + Grand,34,2000000,1.7e-05,1.6481637807318865e-05,grand
Fixed Numbers,fixed_8,Match 4,195,2000000,9.75e-05,9.88898268439132e-05,grand
Fixed Numbers,fixed_8,Match 3 + Grand,1413,2000000,0.0007065,0.0007087104257147113,grand
Fixed Numbers,fixed_8,Match 3,8312,2000000,0.004156,0.004252262554288268,grand
Fixed Numbers,fixed_8,Match 2 + Grand,19903,2000000,0.0099515,0.009921945960005956,grand
Fixed Numbers,fixed_8,Match 1 + Grand,102195,2000000,0.0510975,0.05084997304503053,grand
Fixed Numbers,fixed_8,Grand Number only,162253,2000000,0.0811265,0.08135995687204885,grand
Fixed Numbers,fixed_9,"Match 5 + Grand (Jackpot: $1,000/day for life)",0,2000000,0.0,7.491653548781303e-08,grand
Fixed Numbers,fixed_9,"Match 5 ($25,000/year for life)",0,2000000,0.0,4.494992129268782e-07,grand
Fixed Numbers,fixed_9,Match 4 + Grand,33,2000000,1.65e-05,1.6481637807318865e-05,grand
Fixed Numbers,fixed_9,Match 4,191,2000000,9.55e-05,9.88898268439132e-05,grand
Fixed Numbers,fixed_9,Match 3 + Grand,1510,2000000,0.000755,0.0007087104257147113,grand
Fixed Numbers,fixed_9,Match 3,8454,2000000,0.004227,0.004252262554288268,grand
Fixed Numbers,fixed_9,Match 2 + Grand,19754,2000000,0.009877,0.009921945960005956,grand
Fixed Numbers,fixed_9,Match 1 + Grand,101614,2000000,0.050807,0.05084997304503053,grand
Fixed Numbers,fixed_9,Grand Number only,163016,2000000,0.081508,0.08135995687204885,grand
Fixed Numbers,fixed_10,"Match 5 + Grand (Jackpot: $1,000/day for life)",0,2000000,0.0,7.491653548781303e-08,grand
Fixed Numbers,fixed_10,"Match 5 ($25,000/year for life)",0,2000000,0.0,4.494992129268782e-07,grand
Fixed Numbers,fixed_10,Match 4 + Grand,28,2000000,1.4e-05,1.6481637807318865e-05,grand
Fixed Numbers,fixed_10,Match 4,213,2000000,0.0001065,9.88898268439132e-05,grand
Fixed Numbers,fixed_10,Match 3 + Grand,1463,2000000,0.0007315,0.0007087104257147113,grand
Fixed Numbers,fixed_10,Match 3,8434,2000000,0.004217,0.004252262554288268,grand
Fixed Numbers,fixed_10,Match 2 + Grand,19805,2000000,0.0099025,0.009921945960005956,grand
Fixed Numbers,fixed_10,Match 1 + Grand,101710,2000000,0.050855,0.05084997304503053,grand
Fixed Numbers,fixed_10,Grand Number only,162792,2000000,0.081396,0.08135995687204885,grand
Fixed Numbers,fixed_11,"Match 5 + Grand (Jackpot: $1,000/day for life)",0,2000000,0.0,7.491653548781303e-08,grand
Fixed Numbers,fixed_11,"Match 5 ($25,000/year for life)",1,2000000,5e-07,4.494992129268782e-07,grand
Fixed Numbers,fixed_11,Match 4 + Grand,37,2000000,1.85e-05,1.6481637807318865e-05,grand
Fixed Numbers,fixed_11,Match 4,200,2000000,0.0001,9.88898268439132e-05,grand
Fixed Numbers,fixed_11,Match 3 + Grand,1381,2000000,0.0006905,0.0007087104257147113,grand
Fixed Numbers,fixed_11,Match 3,8596,2000000,0.004298,0.004252262554288268,grand
Fixed Numbers,fixed_11,Match 2 + Grand,19566,2000000,0.009783,0.009921945960005956,grand
Fixed Numbers,fixed_11,Match 1 + Grand,101502,2000000,0.050751,0.05084997304503053,grand
Fixed Numbers,fixed_11,Grand Number only,162488,2000000,0.081244,0.08135995687204885,grand
Fixed Numbers,fixed_12,"Match 5 + Grand (Jackpot: $1,000/day for life)",0,2000000,0.0,7.491653548781303e-08,grand
Fixed Numbers,fixed_12,"Match 5 ($25,000/year for life)",0,2000000,0.0,4.494992129268782e-07,grand
Fixed Numbers,fixed_12,Match 4 + Grand,33,2000000,1.65e-05,1.6481637807318865e-05,grand
Fixed Numbers,fixed_12,Match 4,199,2000000,9.95e-05,9.88898268439132e-05,grand
Fixed Numbers,fixed_12,Match 3 + Grand,1437,2000000,0.0007185,0.0007087104257147113,grand
Fixed Numbers,fixed_12,Match 3,8493,2000000,0.0042465,0.004252262554288268,grand
Fixed Numbers,fixed_12,Match 2 + Grand,19805,2000000,0.0099025,0.009921945960005956,grand
Fixed Numbers,fixed_12,Match 1 + Grand,101668,2000000,0.050834,0.05084997304503053,grand
Fixed Numbers,fixed_12,Grand Number only,162984,2000000,0.081492,0.08135995687204885,grand
Fixed Numbers,fixed_13,"Match 5 + Grand (Jackpot: $1,000/day for life)",0,2000000,0.0,7.491653548781303e-08,grand
Fixed Numbers,fixed_13,"Match 5 ($25,000/year for life)",0,2000000,0.0,4.494992129268782e-07,grand
Fixed Numbers,fixed_13,Match 4 + Grand,32,2000000,1.6e-05,1.6481637807318865e-05,grand
Fixed Numbers,fixed_13,Match 4,196,2000000,9.8e-05,9.88898268439132e-05,grand
Fixed Numbers,fixed_13,Match 3 + Grand,1433,2000000,0.0007165,0.0007087104257147113,grand
Fixed Numbers,fixed_13,Match 3,8327,2000000,0.0041635,0.004252262554288268,grand
Fixed Numbers,fixed_13,Match 2 + Grand,19949,2000000,0.0099745,0.009921945960005956,grand
Fixed Numbers,fixed_13,Match 1 + Grand,101703,2000000,0.0508515,0.05084997304503053,grand
Fixed Numbers,fixed_13,Grand Number only,162624,2000000,0.081312,0.08135995687204885,grand
Fixed Numbers,fixed_14,"Match 5 + Grand (Jackpot: $1,000/day for life)",0,2000000,0.0,7.491653548781303e-08,grand
Fixed Numbers,fixed_14,"Match 5 ($25,000/year for life)",0,2000000,0.0,4.494992129268782e-07,grand
Fixed Numbers,fixed_14,Match 4 + Grand,32,2000000,1.6e-05,1.6481637807318865e-05,grand
Fixed Numbers,fixed_14,Match 4,191,2000000,9.55e-05,9.88898268439132e-05,grand
Fixed Numbers,fixed_14,Match 3 + Grand,1380,2000000,0.00069,0.0007087104257147113,grand
Fixed Numbers,fixed_14,Match 3,8436,2000000,0.004218,0.004252262554288268,grand
Fixed Numbers,fixed_14,Match 2 + Grand,19956,2000000,0.009978,0.009921945960005956,grand
Fixed Numbers,fixed_14,Match 1 + Grand,101741,2000000,0.0508705,0.05084997304503053,grand
Fixed Numbers,fixed_14,Grand Number only,162632,2000000,0.081316,0.08135995687204885,grand
Fixed Numbers,fixed_15,"Match 5 + Grand (Jackpot: $1,000/day for life)",1,2000000,5e-07,7.491653548781303e-08,grand
Fixed Numbers,fixed_15,"Match 5 ($25,000/year for life)",2,2000000,1e-06,4.494992129268782e-07,grand
Fixed Numbers,fixed_15,Match 4 + Grand,46,2000000,2.3e-05,1.6481637807318865e-05,grand
Fixed Numbers,fixed_15,Match 4,181,2000000,9.05e-05,9.88898268439132e-05,grand
Fixed Numbers,fixed_15,Match 3 + Grand,1400,2000000,0.0007,0.0007087104257147113,grand
Fixed Numbers,fixed_15,Match 3,8438,2000000,0.004219,0.004252262554288268,grand
Fixed Numbers,fixed_15,Match 2 + Grand,19729,2000000,0.0098645,0.009921945960005956,grand
Fixed Numbers,fixed_15,Match 1 + Grand,101167,2000000,0.0505835,0.05084997304503053,grand
Fixed Numbers,fixed_15,Grand Number only,162889,2000000,0.0814445,0.08135995687204885,grand
Fixed Numbers,fixed_16,"Match 5 + Grand (Jackpot: $1,000/day for life)",0,2000000,0.0,7.491653548781303e-08,grand
Fixed Numbers,fixed_16,"Match 5 ($25,000/year for life)",1,2000000,5e-07,4.494992129268782e-07,grand
Fixed Numbers,fixed_16,Match 4 + Grand,31,2000000,1.55e-05,1.6481637807318865e-05,grand
Fixed Numbers,fixed_16,Match 4,192,2000000,9.6e-05,9.88898268439132e-05,grand
Fixed Numbers,fixed_16,Match 3 + Grand,1422,2000000,0.000711,0.0007087104257147113,grand
Fixed Numbers,fixed_16,Match 3,8496,2000000,0.004248,0.004252262554288268,grand
Fixed Numbers,fixed_16,Match 2 + Grand,19774,2000000,0.009887,0.009921945960005956,grand
Fixed Numbers,fixed_16,Match 1 + Grand,101349,2000000,0.0506745,0.05084997304503053,grand
Fixed Numbers,fixed_16,Grand Number only,162656,2000000,0.081328,0.08135995687204885,grand
Fixed Numbers,fixed_17,"Match 5 + Grand (Jackpot: $1,000/day for life)",0,2000000,0.0,7.491653548781303e-08,grand
Fixed Numbers,fixed_17,"Match 5 ($25,000/year for life)",2,2000000,1e-06,4.494992129268782e-07,grand
Fixed Numbers,fixed_17,Match 4 + Grand,32,2000000,1.6e-05,1.6481637807318865e-05,grand
Fixed Numbers,fixed_17,Match 4,201,2000000,0.0001005,9.88898268439132e-05,grand
Fixed Numbers,fixed_17,Match 3 + Grand,1404,2000000,0.000702,0.0007087104257147113,grand
Fixed Numbers,fixed_17,Match 3,8544,2000000,0.004272,0.004252262554288268,grand
Fixed Numbers,fixed_17,Match 2 + Grand,19835,2000000,0.0099175,0.009921945960005956,grand
Fixed Numbers,fixed_17,Match 1 + Grand,101182,2000000,0.050591,0.05084997304503053,grand
Fixed Numbers,fixed_17,Grand Number only,162779,2000000,0.0813895,0.08135995687204885,grand
Fixed Numbers,fixed_18,"Match 5 + Grand (Jackpot: $1,000/day for life)",0,2000000,0.0,7.491653548781303e-08,grand
Fixed Numbers,fixed_18,"Match 5 ($25,000/year for life)",0,2000000,0.0,4.494992129268782e-07,grand
Fixed Numbers,fixed_18,Match 4 + Grand,43,2000000,2.15e-05,1.6481637807318865e-05,grand
Fixed Numbers,fixed_18,Match 4,176,2000000,8.8e-05,9.88898268439132e-05,grand
Fixed Numbers,fixed_18,Match 3 + Grand,1405,2000000,0.0007025,0.0007087104257147113,grand
Fixed Numbers,fixed_18,Match 3,8454,2000000,0.004227,0.004252262554288268,grand
Fixed Numbers,fixed_18,Match 2 + Grand,19936,2000000,0.009968,0.009921945960005956,grand
Fixed Numbers,fixed_18,Match 1 + Grand,101573,2000000,0.0507865,0.05084997304503053,grand
Fixed Numbers,fixed_18,Grand Number only,162784,2000000,0.081392,0.08135995687204885,grand
Fixed Numbers,fixed_19,"Match 5 + Grand (Jackpot: $1,000/day for life)",0,2000000,0.0,7.491653548781303e-08,grand
Fixed Numbers,fixed_19,"Match 5 ($25,000/year for life)",1,2000000,5e-07,4.494992129268782e-07,grand
Fixed Numbers,fixed_19,Match 4 + Grand,27,2000000,1.35e-05,1.6481637807318865e-05,grand
Fixed Numbers,fixed_19,Match 4,211,2000000,0.0001055,9.88898268439132e-05,grand
Fixed Numbers,fixed_19,Match 3 + Grand,1467,2000000,0.0007335,0.0007087104257147113,grand
Fixed Numbers,fixed_19,Match 3,8402,2000000,0.004201,0.004252262554288268,grand
Fixed Numbers,fixed_19,Match 2 + Grand,20053,2000000,0.0100265,0.009921945960005956,grand
Fixed Numbers,fixed_19,Match 1 + Grand,101235,2000000,0.0506175,0.05084997304503053,grand
Fixed Numbers,fixed_19,Grand Number only,163145,2000000,0.0815725,0.08135995687204885,grand
Fixed Numbers,fixed_20,"Match 5 + Grand (Jackpot: $1,000/day for life)",0,2000000,0.0,7.491653548781303e-08,grand
Fixed Numbers,fixed_20,"Match 5 ($25,000/year for life)",4,2000000,2e-06,4.494992129268782e-07,grand
Fixed Numbers,fixed_20,Match 4 + Grand,32,2000000,1.6e-05,1.6481637807318865e-05,grand
Fixed Numbers,fixed_20,Match 4,194,2000000,9.7e-05,9.88898268439132e-05,grand
Fixed Numbers,fixed_20,Match 3 + Grand,1386,2000000,0.000693,0.0007087104257147113,grand
Fixed Numbers,fixed_20,Match 3,8502,2000000,0.004251,0.004252262554288268,grand
Fixed Numbers,fixed_20,Match 2 + Grand,19840,2000000,0.00992,0.009921945960005956,grand
Fixed Numbers,fixed_20,Match 1 + Grand,101757,2000000,0.0508785,0.05084997304503053,grand
Fixed Numbers,fixed_20,Grand Number only,161959,2000000,0.0809795,0.08135995687204885,grand
Fixed Numbers,fixed_21,"Match 5 + Grand (Jackpot: $1,000/day for life)",0,2000000,0.0,7.491653548781303e-08,grand
Fixed Numbers,fixed_21,"Match 5 ($25,000/year for life)",1,2000000,5e-07,4.494992129268782e-07,grand
Fixed Numbers,fixed_21,Match 4 + Grand,35,2000000,1.75e-05,1.6481637807318865e-05,grand
Fixed Numbers,fixed_21,Match 4,195,2000000,9.75e-05,9.88898268439132e-05,grand
Fixed Numbers,fixed_21,Match 3 + Grand,1382,2000000,0.000691,0.0007087104257147113,grand
Fixed Numbers,fixed_21,Match 3,8466,2000000,0.004233,0.004252262554288268,grand
Fixed Numbers,fixed_21,Match 2 + Grand,19951,2000000,0.0099755,0.009921945960005956,grand
Fixed Numbers,fixed_21,Match 1 + Grand,101587,2000000,0.0507935,0.05084997304503053,grand
Fixed Numbers,fixed_21,Grand Number only,163151,2000000,0.0815755,0.08135995687204885,grand
Fixed Numbers,fixed_22,"Match 5 + Grand (Jackpot: $1,000/day for life)",0,2000000,0.0,7.491653548781303e-08,grand
Fixed Numbers,fixed_22,"Match 5 ($25,000/year for life)",1,2000000,5e-07,4.494992129268782e-07,grand
Fixed Numbers,fixed_22,Match 4 + Grand,29,2000000,1.45e-05,1.6481637807318865e-05,grand
Fixed Numbers,fixed_22,Match 4,184,2000000,9.2e-05,9.88898268439132e-05,grand
Fixed Numbers,fixed_22,Match 3 + Grand,1388,2000000,0.000694,0.0007087104257147113,grand
Fixed Numbers,fixed_22,Match 3,8462,2000000,0.004231,0.004252262554288268,grand
Fixed Numbers,fixed_22,Match 2 + Grand,19707,2000000,0.0098535,0.009921945960005956,grand
Fixed Numbers,fixed_22,Match 1 + Grand,101051,2000000,0.0505255,0.05084997304503053,grand
Fixed Numbers,fixed_22,Grand Number only,162799,2000000,0.0813995,0.08135995687204885,grand
Fixed Numbers,fixed_23,"Match 5 + Grand (Jackpot: $1,000/day for life)",0,2000000,0.0,7.491653548781303e-08,grand
Fixed Numbers,fixed_23,"Match 5 ($25,000/year for life)",0,2000000,0.0,4.494992129268782e-07,grand
Fixed Numbers,fixed_23,Match 4 + Grand,30,2000000,1.5e-05,1.6481637807318865e-05,grand
Fixed Numbers,fixed_23,Match 4,185,2000000,9.25e-05,9.88898268439132e-05,grand
Fixed Numbers,fixed_23,Match 3 + Grand,1571,2000000,0.0007855,0.0007087104257147113,grand
Fixed Numbers,fixed_23,Match 3,8444,2000000,0.004222,0.004252262554288268,grand
Fixed Numbers,fixed_23,Match 2 + Grand,19928,2000000,0.009964,0.009921945960005956,grand
Fixed Numbers,fixed_23,Match 1 + Grand,101821,2000000,0.0509105,0.05084997304503053,grand
Fixed Numbers,fixed_23,Grand Number only,162448,2000000,0.081224,0.08135995687204885,grand
Fixed Numbers,fixed_24,"Match 5 + Grand (Jackpot: $1,000/day for life)",0,2000000,0.0,7.491653548781303e-08,grand
Fixed Numbers,fixed_24,"Match 5 ($25,000/year for life)",1,2000000,5e-07,4.494992129268782e-07,grand
Fixed Numbers,fixed_24,Match 4 + Grand,29,2000000,1.45e-05,1.6481637807318865e-05,grand
Fixed Numbers,fixed_24,Match 4,187,2000000,9.35e-05,9.88898268439132e-05,grand
Fixed Numbers,fixed_24,Match 3 + Grand,1357,2000000,0.0006785,0.0007087104257147113,grand
Fixed Numbers,fixed_24,Match 3,8452,2000000,0.004226,0.004252262554288268,grand
Fixed Numbers,fixed_24,Match 2 + Grand,19746,2000000,0.009873,0.009921945960005956,grand
Fixed Numbers,fixed_24,Match 1 + Grand,101517,2000000,0.0507585,0.05084997304503053,grand
Fixed Numbers,fixed_24,Grand Number only,163457,2000000,0.0817285,0.08135995687204885,grand
